rank,lga,title,url,pages,mb,mb_per_page,share_primary,share_strictGraphic,share_cover30,share_cover50,share_literal,share_blank,share_low_text,share_any_big_raster,share_full_page_image,share_vector_heavy,median_chars_per_page,creator,producer
1,Campbelltown Sustainable Cities,Campbelltown Sustainable Cities DCP 2015 - Volume 2 - as amended 8 Sep 2017,https://s3-ap-southeast-2.amazonaws.com/shared-drupal-s3fs/master-test/fapub_pdf/_R2.0/Campbelltown+Sustainable+Cities+DCP+2015+-+Volume+2+-+as+amended+8+Sep+2017.pdf,397,70.0,0.176,0.4131,0.4081,0.3678,0.2519,0.6448,0.0050,0.3275,0.5945,0.1511,0.0781,817,Adobe Acrobat Pro DC 15.6.30198,Adobe Acrobat Pro DC 15.6.30198
2,Port Macquarie-Hastings,Port Macquarie-Hastings DCP 2013 - as amended June 2021,https://shared-drupal-s3fs.s3.ap-southeast-2.amazonaws.com/master-test/fapub_pdf/PMHC+DCP.pdf,489,52.0,0.106,0.3313,0.3313,0.3170,0.1391,0.4785,0.0000,0.2086,0.4785,0.0020,0.0777,1183,Acrobat PDFMaker 15 for Word,Adobe PDF Library 15.0
3,Maitland,Maitland DCP - 21 December 2018,https://s3-ap-southeast-2.amazonaws.com/shared-drupal-s3fs/master-test/fapub_pdf/MAITLAND/Maitland+DCP+-+21+December+2018.pdf,893,71.3,0.080,0.3001,0.2979,0.2822,0.1389,0.4155,0.0000,0.1960,0.4132,0.0705,0.0448,1448,Adobe Acrobat Pro DC 15.6.30198,Adobe Acrobat Pro DC 15.6.30198
4,Marrickville,Marrickville DCP 2011 - as amended 9 September 2022,https://shared-drupal-s3fs.s3.ap-southeast-2.amazonaws.com/master-test/fapub_pdf/NSW+Planning+Portal+Exhibitions/Marrickville+DCP+2011+-+as+amended+9+September+2022_S-5457.pdf,1396,125.8,0.090,0.2930,0.2930,0.1855,0.1082,0.8023,0.0165,0.2328,0.7822,0.0616,0.0523,1416,Adobe Acrobat Pro DC (32-bit) 21.1.20155,Adobe Acrobat Pro DC (32-bit) 21.1.20155
5,The Hills,The Hills DCP 2012 - as amended 4 May 18,https://s3-ap-southeast-2.amazonaws.com/shared-drupal-s3fs/master-test/fapub_pdf/THE+HILLS/The+Hills+DCP+2012+-+as+amended+4+May+18.pdf,1233,178.9,0.145,0.2620,0.2579,0.2425,0.1606,0.4493,0.0511,0.2993,0.3666,0.0568,0.1630,1482,Adobe Acrobat Pro DC 15.6.30198,Adobe Acrobat Pro DC 15.6.30198
6,Ryde,Ryde DCP 2014 - as amended 10 Aug 2016,https://s3-ap-southeast-2.amazonaws.com/shared-drupal-s3fs/master-test/fapub_pdf/RYDE/Ryde%20DCP%202014%20-%20as%20amended%2010%20Aug%202016.pdf,1347,101.5,0.075,0.2524,0.2287,0.2042,0.1418,0.3541,0.0000,0.1514,0.3274,0.1039,0.1863,1386,Adobe Acrobat Pro 11.0.0,Adobe Acrobat Pro 11.0.0
7,Inner West Ashfield,Inner West Ashfield DCP 2016 with IWLEP 2023 amendments - CONSOLIDATED,https://shared-drupal-s3fs.s3.ap-southeast-2.amazonaws.com/master-test/fapub_pdf/NSW+Planning+Portal+Exhibitions/Inner+West+Ashfield+DCP+2016+with+IWLEP+2023+amendments+-+CONSOLIDATED+(1).pdf,965,65.9,0.068,0.2466,0.2466,0.2290,0.1306,0.9016,0.0031,0.1731,0.8870,0.0694,0.3399,1179,Adobe Acrobat Pro DC (32-bit) 21.1.20155,Adobe Acrobat Pro DC (32-bit) 21.1.20155
8,Parramatta,Parramatta DCP 2023,https://shared-drupal-s3fs.s3.ap-southeast-2.amazonaws.com/master-test/fapub_pdf/NSW%2BPlanning%2BPortal%2BDocuments/Parramatta_DCP_2023-A5-Book_Version_compressed.pdf,1621,94.6,0.058,0.2455,0.2437,0.2338,0.0672,0.3880,0.0000,0.0987,0.3862,0.0080,0.1049,1463,Adobe Acrobat Pro (64-bit) 24.5.20399,GPL Ghostscript 10.00.0
9,Cessnock,Cessnock DCP 2010 - as amended 4 Sept 2013,https://s3-ap-southeast-2.amazonaws.com/shared-drupal-s3fs/master-test/fapub_pdf/CESSNOCK/Cessnock%20DCP%202010%20-%20as%20amended%204%20Sept%202013.pdf,2112,134.9,0.064,0.2268,0.2254,0.1662,0.1245,0.3920,0.0099,0.2301,0.3101,0.0497,0.2315,1552,Adobe Acrobat Pro 11.0.16,Adobe Acrobat Pro 11.0.16
10,Lake Macquarie,Lake Macquarie DCP 2014 (Revision 25) - as amended 28 Sep 2020,https://shared-drupal-s3fs.s3-ap-southeast-2.amazonaws.com/master-test/fapub_pdf/DCP-CP/LAKE+MACQUARIE/Lake+Macquarie+Development+Control+Plan+2014+-+Revision+25+Adopted+28+September+2020.pdf,1167,116.8,0.100,0.2237,0.2177,0.1885,0.0686,0.3316,0.0000,0.1585,0.3162,0.0120,0.0908,1767,Microsoft® Word 2019,Microsoft® Word 2019
11,Lismore,Lismore DCP 2007 - for Land where Lismore LEP 2012 applies - as amended 4 Aug 2016,https://s3-ap-southeast-2.amazonaws.com/shared-drupal-s3fs/master-test/fapub_pdf/LISMORE/Lismore%20DCP%202007%20-%20for%20Land%20where%20Lismore%20LEP%202012%20applies%20-%20as%20amended%204%20Aug%202016.pdf,747,39.7,0.053,0.2209,0.2209,0.1727,0.1205,0.3802,0.0040,0.2477,0.3186,0.0000,0.2236,1603,Adobe Acrobat Pro 11.0.0,Adobe Acrobat Pro 11.0.0
12,Penrith,Penrith DCP - 2014 Key Precints Amendment 5 2019,https://s3-ap-southeast-2.amazonaws.com/shared-drupal-s3fs/master-test/fapub_pdf/PENRITH/Penrith+DCP+-+2014+Key+Precints+Amendment+5+2019.pdf,965,71.0,0.074,0.2062,0.2052,0.1865,0.0342,0.3938,0.0000,0.1430,0.3927,0.0000,0.0912,1276,Adobe Acrobat 11.0.0,Adobe Acrobat 11.0.0
13,Wagga Wagga,Wagga Wagga DCP 2010 - as amended 3 Sep 2016,https://s3-ap-southeast-2.amazonaws.com/shared-drupal-s3fs/master-test/fapub_pdf/_R15/Wagga%20Wagga%20DCP%202010%20-%20as%20amended%203%20Sep%202016.pdf,604,40.0,0.066,0.2003,0.2003,0.1689,0.1242,0.3427,0.0000,0.1490,0.3129,0.0712,0.1341,1525,Adobe Acrobat Pro 11.0.0,Adobe Acrobat Pro 11.0.0
14,Ku-ring-gai,Ku-ring-gai DCP 2021 Amendment 2 - 15 June 2021,https://shared-drupal-s3fs.s3.ap-southeast-2.amazonaws.com/master-test/fapub_pdf/Ku-ring-gai+Development+Control+Plan+2021+Adopted+15.06.2021+amendment+2+consolidated_S-3955.pdf,1287,296.9,0.231,0.1974,0.1873,0.1507,0.1002,0.6651,0.0000,0.1305,0.6224,0.0482,0.3862,1161,Adobe Acrobat Pro DC (32-bit) 21.5.20048,Adobe Acrobat Pro DC (32-bit) 21.5.20048
15,City of Canada Bay,City of Canada Bay Development Control Plan - as amended 26 August 2022,https://shared-drupal-s3fs.s3.ap-southeast-2.amazonaws.com/master-test/fapub_pdf/NSW+Planning+Portal+Exhibitions/City+of+Canada+Bay+Development+Control+Plan+-+as+amended+26+August+2022_S-5314.pdf,841,123.7,0.147,0.1760,0.1760,0.1510,0.0999,0.3044,0.0000,0.1332,0.2687,0.0464,0.5113,1647,Adobe InDesign 17.4 (Windows),Adobe PDF Library 16.0.7
16,Armidale Dumaresq,Armidale Dumaresq DCP 2012,https://shared-drupal-s3fs.s3-ap-southeast-2.amazonaws.com/master-test/fapub_pdf/ARMIDALE+DUMARESQ/Armidale+Dumaresq+DCP+2012.pdf,408,37.9,0.093,0.1691,0.1691,0.1593,0.0662,0.5294,0.0000,0.1520,0.5294,0.0000,0.3480,1993.5,Adobe Acrobat Pro 11.0.0,Adobe Acrobat Pro 11.0.0
17,Leichhardt,Leichhardt DCP 2013 with IWLEP 2023 amendments - CONSOLIDATED (PDF),https://shared-drupal-s3fs.s3.ap-southeast-2.amazonaws.com/master-test/fapub_pdf/NSW+Planning+Portal+Exhibitions/Leichhardt+DCP+2013+with+IWLEP+2023+amendments+-+CONSOLIDATED+(1).pdf,747,58.7,0.079,0.1673,0.1673,0.1647,0.0228,0.2999,0.0000,0.1218,0.2731,0.0000,0.0589,1443,Adobe Acrobat Pro DC (32-bit) 21.1.20155,Adobe Acrobat Pro DC (32-bit) 21.1.20155
18,Liverpool,Liverpool City Council DCP Amendment 34 Dec 2019,https://shared-drupal-s3fs.s3-ap-southeast-2.amazonaws.com/master-test/fapub_pdf/LIVERPOOL/Liverpool+City+Council+DCP+Amendment+34+Dec+2019.pdf,1317,50.6,0.038,0.1663,0.1655,0.1427,0.0615,0.3834,0.0471,0.1853,0.3257,0.0319,0.0251,1330,Adobe Acrobat Pro DC 15.6.30198,Adobe Acrobat Pro DC 15.6.30198
19,Wollongong,Wollongong DCP 2009 - as amended 12 Jan 2018,https://s3-ap-southeast-2.amazonaws.com/shared-drupal-s3fs/master-test/fapub_pdf/WOLLONGONG/Wollongong+DCP+2009+-+as+amended+12+Jan+2018.pdf,1533,87.5,0.057,0.1618,0.1618,0.1611,0.1037,0.2948,0.0294,0.1142,0.2603,0.0457,0.0698,1934,Adobe Acrobat Pro DC 15.6.30198,Adobe Acrobat Pro DC 15.6.30198
20,Ballina,Ballina DCP 2012 - as amended 1 Feb 2016,https://s3-ap-southeast-2.amazonaws.com/shared-drupal-s3fs/master-test/fapub_pdf/BALLINA/Ballina%20DCP%202012%20-%20as%20amended%201%20Feb%202016.pdf,475,49.7,0.105,0.1326,0.1305,0.1284,0.1137,0.1979,0.0000,0.1558,0.1663,0.0442,0.3158,1610,Adobe Acrobat Pro 11.0.0,Adobe Acrobat Pro 11.0.0
21,Strathfield,Strathfield DCP 2005 - as amended 18 Sept 2026,https://shared-drupal-s3fs.s3.ap-southeast-2.amazonaws.com/master-test/fapub_pdf/STRATHFIELD/Strathfield+Consolidated+DCP+2005+(Amended+03.09.26)_PEH-2988+(1).pdf,380,39.1,0.103,0.1184,0.1184,0.0895,0.0500,0.2316,0.0000,0.0947,0.1868,0.0237,0.1500,1652.5,Acrobat PDFMaker 24 for Word,Adobe PDF Library 24.4.19
22,Woollahra,Woollahra DCP 2015 - as amended 16 March 2020.pdf,https://shared-drupal-s3fs.s3-ap-southeast-2.amazonaws.com/master-test/fapub_pdf/WOOLLAHRA/Consolidated+WDCP+2015+-+As+at+16+March+2020.pdf,1425,48.4,0.034,0.0730,0.0709,0.0568,0.0112,0.3375,0.0449,0.1172,0.2611,0.0000,0.1740,1338,Adobe Acrobat Pro DC 15.17.20050,Adobe Acrobat Pro DC 15.17.20050
23,Blue Mountains,Blue Mountains DCP 2015,https://shared-drupal-s3fs.s3-ap-southeast-2.amazonaws.com/master-test/fapub_pdf/BLUE+MOUNTAINS/DCP+2015+Amendment+1+-+complete+document.pdf,840,50.6,0.060,0.0679,0.0667,0.0321,0.0298,0.2690,0.0012,0.0988,0.2214,0.0167,0.0167,1305,Adobe InDesign 14.0 (Windows),Adobe PDF Library 15.0
24,Willoughby,Willoughby DCP - July 2025,https://shared-drupal-s3fs.s3.ap-southeast-2.amazonaws.com/master-test/fapub_pdf/NSW%2BPlanning%2BPortal%2BDocuments/Bulk_20250714141455.pdf,709,38.8,0.055,0.0621,0.0621,0.0621,0.0155,0.4711,0.0000,0.3018,0.1819,0.0141,0.1537,1180,Aspose Pty Ltd.,Aspose.PDF for .NET 23.4.0
25,Sydney,Sydney DCP 2012 - as amended August 2020,https://shared-drupal-s3fs.s3-ap-southeast-2.amazonaws.com/master-test/fapub_pdf/SYDNEY/City+of+Sydney+/DCP2012_070820.pdf,920,58.3,0.063,0.0587,0.0587,0.0337,0.0196,0.1478,0.0000,0.0446,0.1250,0.0087,0.4065,1594,Adobe Acrobat Pro DC 20.12.20043,Adobe Acrobat Pro DC 20.12.20043
